productSKU,name,stockLevel,ratio,restockingLeadTime,total_ordered
GGOEGOAQ012899,Ballpoint LED Light Pen,2098,0.21734985700667303,11,456
GGOEGDHC074099," 17oz Stainless Steel Sport Bottle",1390,0.24028776978417266,13,334
GGOEGOCB017499,Leatherette Journal,4978,0.06408196062675774,36,319
GGOEGOCC077999," Spiral Journal with Pen",4668,0.06212510711225364,10,290
GGOEGFYQ016599,Foam Can and Bottle Cooler,4495,0.05628476084538376,10,253
GGOEGOCB078299," Leather Journal-Black",354,0.7062146892655368,10,250
GGOEGHPJ080310," Blackout Cap",415,0.45542168674698796,6,189
GGOEADHH073999,Android 17oz Stainless Steel Sport Bottle,283,0.5901060070671378,8,167
GGOEGAAX0037," Sunglasses",6805,0.021454812637766347,5,146
GGOENEBQ078999," Cam Outdoor Security Camera - USA",4683,0.02391629297458894,10,112
GGOEGOAB022499,Satin Black Ballpoint Pen,477,0.22012578616352202,2,105
GGOEGAAX0098,"7"" Dog Frisbee",376,0.2765957446808511,5,104
GGOENEBB078899," Cam Indoor Security Camera - USA",2615,0.03900573613766731,42,102
GGOEGDHQ015399,26 oz Double Wall Insulated Bottle,256,0.37890625,9,97
GGOENEBJ079499," Learning Thermostat 3rd Gen-USA - Stainless Steel",2525,0.037227722772277226,7,94
GGOEYOCR077799," Hard Cover Journal",2046,0.041544477028347994,13,85
GGOEGAAX0781," Leather Journal",181,0.4530386740331492,8,82
GGOEGBMJ013399,Sport Bag,2877,0.024330900243309004,9,70
GGOEGOLC013299,Spiral Notebook and Pen Set,6708,0.010286225402504472,11,69
GGOEGBJL013999," Canvas Tote Natural/Navy",602,0.10299003322259136,3,62
GGOEGCBQ016499,SPF-15 Slim & Slender Lip Balm,4069,0.014745637748832637,31,60
GGOEGETB023799," Power Bank",210,0.26666666666666666,7,56
GGOEGFKA022299,Keyboard DOT Sticker,189,0.2804232804232804,9,53
GGOEGPJC019099,"7"" Dog Frisbee",154,0.33766233766233766,11,52
GGOEYDHJ056099,22 oz  Bottle Infuser,1944,0.0257201646090535,7,50
GGOEGOAB021499,Metal Texture Roller Pen,775,0.06193548387096774,3,48
GGOEGBJC019999,Collapsible Shopping Bag,117,0.36752136752136755,11,43
GGOEGAAX0081,Recycled Paper Journal Set,740,0.05675675675675676,5,42
GGOENEBQ079199," Protect Smoke + CO White Wired Alarm-USA",1361,0.03085966201322557,13,42
GGOEGAAX0074," 22 oz Water Bottle",15607,0.002562952521304543,2,40
GGOEGOCD078399," Leather Perforated Journal",1305,0.029885057471264367,13,39
GGOEGODR017799,Recycled Mouse Pad,1756,0.022209567198177675,39,39
GGOEGHGC019799," Sunglasses",2444,0.014320785597381341,13,35
GGOEGKAA019299,Switch Tone Color Crayon Pen,388,0.08762886597938144,12,34
GGOEGFKQ020799," Doodle Decal",2080,0.016346153846153847,5,34
GGOEGOXQ016399,Badge Holder,1186,0.02782462057335582,2,33
GGOEYFKQ020699," Custom Decals",4536,0.006613756613756613,14,30
GGOEYAAJ033014," Men's Long & Lean Tee Charcoal",42,0.7142857142857143,11,30
GGOEGOCR017899,Recycled Paper Journal Set,4975,0.006030150753768844,13,30
GGOEGHGR019499," Sunglasses",1195,0.021757322175732216,5,26
GGOEGEHQ024099,Clip-on Compact Charger,1468,0.0170299727520436,11,25
GGOENEBQ079099," Protect Smoke + CO White Battery Alarm-USA",325,0.07384615384615385,11,24
GGOEGDHC018299," 22 oz Water Bottle",19678,0.0011688179693058237,4,23
GGOEGAAJ032816," Men's Long & Lean Tee Charcoal",309,0.07119741100323625,16,22
GGOEGOAQ020099,Four Color Retractable Pen,2450,0.008979591836734694,22,22
GGOEGAAX0330," Men's Long & Lean Tee Charcoal",43,0.46511627906976744,12,20
GGOEGAAX0620," Infant Short Sleeve Tee Green",52,0.38461538461538464,7,20
GGOEGOCL077699," Hard Cover Journal",2171,0.009212344541685858,14,20
GGOEGOCC077299," RFID Journal",2839,0.006692497358224727,13,19
GGOEAFKQ020499,8 pc Android Sticker Sheet,613,0.03099510603588907,12,19
GGOEGAAL010616," Men's 100% Cotton Short Sleeve Hero Tee Navy",50,0.38,5,19
GGOEGAEJ031315," Tri-blend Hoodie Grey",34,0.5294117647058824,12,18
GGOEGAAQ010414," Men's 100% Cotton Short Sleeve Hero Tee White",186,0.0913978494623656,16,17
GGOEGESC014099,Rocket Flashlight,242,0.06611570247933884,11,16
GGOEGALB034113," Women's Vintage Hero Tee Black",153,0.10457516339869281,14,16
GGOEAKDH019899,Windup Android,1674,0.009557945041816009,5,16
GGOEGDHR018499," 22 oz Water Bottle",1482,0.010796221322537112,9,16
GGOEGAAR010715," Men's 100% Cotton Short Sleeve Hero Tee Red",146,0.1095890410958904,14,16
GGOEGAAX0104," Men's 100% Cotton Short Sleeve Hero Tee White",749,0.020026702269692925,12,15
GGOEA0CH077599,Android Hard Cover Journal,102,0.14705882352941177,17,15
GGOEGHGT019599," Sunglasses",376,0.03723404255319149,8,14
GGOEGPJC203399,Crunch Noise Dog Toy,352,0.03977272727272727,9,14
GGOEGHGH019699," Sunglasses",2086,0.006711409395973154,6,14
GGOEGFKQ020399," Laptop and Cell Phone Stickers",1516,0.008575197889182058,3,13
GGOEGAAX0106," Men's 100% Cotton Short Sleeve Hero Tee Navy",29,0.4482758620689655,6,13
GGOEGBPB021199," Slim Utility Travel Bag",516,0.025193798449612403,12,13
GGOEGOFH020299," Screen Cleaning Cloth",1324,0.00906344410876133,5,12
GGOEGAAL010614," Men's 100% Cotton Short Sleeve Hero Tee Navy",74,0.16216216216216217,15,12
GGOEGAAX0313," Tri-blend Hoodie Grey",101,0.10891089108910891,15,11
GGOEAFKQ020599,Android Sticker Sheet Ultra Removable,449,0.024498886414253896,13,11
GGOEGBRJ037399," Rucksack",228,0.04824561403508772,5,11
GGOEYAAJ033015," Men's Long & Lean Tee Charcoal",33,0.3333333333333333,10,11
GGOEGAAQ010415," Men's 100% Cotton Short Sleeve Hero Tee White",335,0.03283582089552239,9,11
GGOEGESB015099,Basecamp Explorer Powerbank Flashlight,306,0.03594771241830065,14,11
GGOEGFAQ016699,Bottle Opener Clip,381,0.028871391076115485,10,11
GGOEGDHC015299,23 oz Wide Mouth Sport Bottle,142,0.07042253521126761,12,10
GGOENEBD084799," Learning Thermostat 3rd Gen-USA - Copper",564,0.01773049645390071,9,10
GGOEGAAQ010413," Men's 100% Cotton Short Sleeve Hero Tee White",167,0.059880239520958084,7,10
GGOEGAAL010613," Men's 100% Cotton Short Sleeve Hero Tee Navy",37,0.2702702702702703,16,10
GGOEGESQ016799,Plastic Sliding Flashlight,2561,0.003904724716907458,14,10
GGOEGCNB021099,Seat Pack Organizer,304,0.029605263157894735,11,9
GGOEGAAB033815," Men's Vintage Badge Tee Black",578,0.015570934256055362,13,9
GGOEYHPB072210," Twill Cap",1997,0.004506760140210316,2,9
GGOEGAEJ031314," Tri-blend Hoodie Grey",45,0.2,17,9
GGOEGAYB068026," Youth Baseball Raglan Heather/Black",21,0.38095238095238093,16,8
GGOENEBJ081899," Learning Thermostat 3rd Gen - CA - Stainless Steel",69,0.11594202898550725,14,8
GGOEGAEJ028013," Women's Short Sleeve Hero Tee Grey",117,0.06837606837606838,6,8
GGOEGALB036514," Women's Scoop Neck Tee Black",154,0.05194805194805195,5,8
GGOEGAAJ080615," Men's Bike Short Sleeve Tee Charcoal",129,0.06201550387596899,5,8
GGOEGAAJ032716," Men's Long & Lean Tee Grey",26,0.3076923076923077,17,8
GGOEAAEJ033413,Android Men's Long Sleeve Badge Crew Tee Heather,43,0.18604651162790697,14,8
GGOEGAAX0318," Men's Short Sleeve Hero Tee Black",275,0.02909090909090909,6,8
GGOEAAEJ033414,Android Men's Long Sleeve Badge Crew Tee Heather,95,0.08421052631578947,13,8
GGOEGALB034114," Women's Vintage Hero Tee Black",155,0.04516129032258064,8,7
GGOEGAAX0690," Youth Short Sleeve Tee White",31,0.22580645161290322,19,7
GGOEAAWJ062548,Android Infant Short Sleeve Tee Pewter,2,3.5,14,7
GGOEGAAX0795,25L Classic Rucksack,114,0.06140350877192982,6,7
GGOEGHPB080410," 5-Panel Snapback Cap",219,0.0319634703196347,8,7
GGOEGALQ036616," Women's Scoop Neck Tee White",27,0.25925925925925924,14,7
GGOEGAWR061848," Infant Short Sleeve Tee Red",18,0.3888888888888889,19,7
GGOEGKWR060810," Bib Red",44,0.1590909090909091,15,7
GGOENEBQ084699," Learning Thermostat 3rd Gen-USA - White",1142,0.006129597197898424,5,7
GGOEGKWQ060910," Bib White",116,0.0603448275862069,6,7
GGOEGATB060213," Women's 1/4 Zip Performance Pullover Black",35,0.2,14,7
GGOEAAAQ032013,Android Men's Short Sleeve Hero Tee White,95,0.06315789473684211,15,6
GGOEGAAX0341," Women's Vintage Hero Tee Black",332,0.018072289156626505,19,6
GGOEGAAJ032313," Men's Short Sleeve Hero Tee Charcoal",61,0.09836065573770492,8,6
GGOEGAAJ032616," Men's Short Sleeve Badge Tee Charcoal",48,0.125,8,6
GGOEGAEJ028015," Women's Short Sleeve Hero Tee Grey",138,0.043478260869565216,16,6
GGOEGAAX0364," Women's Tee Grey",40,0.15,13,6
GGOEGAAX0325," Men's Short Sleeve Hero Tee Charcoal",104,0.057692307692307696,12,6
GGOEGOBC078699," Luggage Tag",713,0.008415147265077139,13,6
GGOEGALL074614," Women's Short Sleeve Badge Tee Navy",31,0.1935483870967742,19,6
GGOEGAAB010514," Men's 100% Cotton Short Sleeve Hero Tee Black",1101,0.005449591280653951,10,6
GGOEGCKQ013199,1 oz Hand Sanitizer,679,0.008836524300441826,3,6
GGOEAAEJ033415,Android Men's Long Sleeve Badge Crew Tee Heather,92,0.06521739130434782,8,6
GGOEWFKA082999," Baby on Board Window Decal",415,0.014457831325301205,11,6
GGOEGAAJ032614," Men's Short Sleeve Badge Tee Charcoal",97,0.061855670103092786,5,6
GGOEGAAX0617,Android Onesie Gold,53,0.11320754716981132,6,6
GGOEGAAX0671," Toddler Short Sleeve Tee White",40,0.15,10,6
GGOEGBRA037499,Waterproof Backpack,230,0.021739130434782608,10,5
GGOEGFQB013799,Compact Selfie Stick,297,0.016835016835016835,7,5
GGOEGAXQ067129," Toddler Short Sleeve Tee White",12,0.4166666666666667,5,5
GGOEGDWR015799,Red Shine 15 oz Mug,1417,0.0035285815102328866,20,5
GGOEGXXX0806," Men's Bike Short Sleeve Tee Charcoal",12,0.4166666666666667,7,5
GGOEAAEJ035714,Android Men's Vintage Tank,64,0.078125,15,5
GGOEGAAX0680," Youth Baseball Raglan Heather/Black",28,0.17857142857142858,13,5
GGOEYAAJ032515," Men's Short Sleeve Hero Tee Charcoal",33,0.15151515151515152,18,5
GGOEGALQ034213," Women's Vintage Hero Tee White",94,0.05319148936170213,6,5
GGOEGGCX056299,Gift Card - $25.00,107,0.04672897196261682,10,5
GGOEGCBC074299," Device Stand",195,0.02564102564102564,15,5
GGOEAXXX0808,Android Men's Engineer Short Sleeve Tee Charcoal,55,0.09090909090909091,11,5
GGOEGAYQ069025," Youth Short Sleeve Tee White",11,0.45454545454545453,7,5
GGOEWFKA083199," Mood Original Window Decal",66,0.07575757575757576,8,5
GGOEGAER029713," Women's Short Sleeve Hero Tee Red Heather",25,0.2,17,5
GGOEGCMB020932,Suitcase Organizer Cubes,342,0.014619883040935672,7,5
GGOEGAAX0279," Women's Short Sleeve Hero Tee White",41,0.0975609756097561,5,4
GGOEGALB036515," Women's Scoop Neck Tee Black",62,0.06451612903225806,13,4
GGOEGADJ056814," Men's Watershed Full Zip Hoodie Grey",57,0.07017543859649122,9,4
GGOEGALB034115," Women's Vintage Hero Tee Black",213,0.018779342723004695,9,4
GGOEGAAX0299," Women's V-Neck Tee Charcoal",77,0.05194805194805195,8,4
GGOEAAAJ080814,Android Men's Engineer Short Sleeve Tee Charcoal,22,0.18181818181818182,6,4
GGOEWEBB082699," Mobile Phone Vent Mount",129,0.031007751937984496,15,4
GGOEGAXQ067155," Toddler Short Sleeve Tee White",9,0.4444444444444444,15,4
GGOEGAFB035817," Men's  Zip Hoodie",15,0.26666666666666666,14,4
GGOEGAFB035814," Men's  Zip Hoodie",156,0.02564102564102564,14,4
GGOEAAWT061748,Android Onesie Gold,34,0.11764705882352941,9,4
GGOEGAEQ027915," Women's Short Sleeve Hero Tee White",51,0.0784313725490196,12,4
GGOEGAAJ032815," Men's Long & Lean Tee Charcoal",251,0.01593625498007968,19,4
GGOENEBB081499," Cam Indoor Security Camera - CA",72,0.05555555555555555,19,4
GGOEAAEH035213,Android Men's Vintage Henley,19,0.21052631578947367,6,4
GGOEGEVA022399,Micro Wireless Earbud,234,0.017094017094017096,16,4
GGOEGAAJ032613," Men's Short Sleeve Badge Tee Charcoal",46,0.08695652173913043,7,4
GGOEGAAX0105," Men's 100% Cotton Short Sleeve Hero Tee Black",105,0.0380952380952381,19,4
GGOEGAAX0342," Women's Vintage Hero Tee White",172,0.023255813953488372,14,4
GGOEGALB036516," Women's Scoop Neck Tee Black",23,0.17391304347826086,5,4
GGOEGALB034117," Women's Vintage Hero Tee Black",74,0.05405405405405406,13,4
GGOEGAYB068025," Youth Baseball Raglan Heather/Black",7,0.5714285714285714,14,4
GGOEGBRB013899," Laptop Backpack",178,0.016853932584269662,16,3
GGOEGFSR022099," Kick Ball",723,0.004149377593360996,5,3
GGOEGOBG023599,Colored Pencil Set,367,0.008174386920980926,13,3
GGOEGAAX0619," Infant Short Sleeve Tee Royal Blue",33,0.09090909090909091,11,3
GGOEGAAX0682," Youth Short Sleeve Tee Red",31,0.0967741935483871,14,3
GGOEGAFB035816," Men's  Zip Hoodie",41,0.07317073170731707,10,3
GGOEYAFB073113," Men's Fleece Hoodie Black",99,0.030303030303030304,11,3
GGOEGAXJ065555," Toddler Short Sleeve T-shirt Grey",93,0.03225806451612903,6,3
GGOEGBRJ037299," Alpine Style Backpack",272,0.011029411764705883,12,3
GGOEGHPB071610," Twill Cap",1755,0.0017094017094017094,5,3
GGOEGATB060214," Women's 1/4 Zip Performance Pullover Black",8,0.375,19,3
GGOEGADJ056813," Men's Watershed Full Zip Hoodie Grey",54,0.05555555555555555,9,3
GGOEGAAX0278," Women's Short Sleeve Hero Tee Black",121,0.024793388429752067,16,3
GGOEGAAX0357,Android Men's Vintage Tank,57,0.05263157894736842,10,3
GGOEGAAJ032814," Men's Long & Lean Tee Charcoal",295,0.010169491525423728,15,3
GGOEAAEH035215,Android Men's Vintage Henley,27,0.1111111111111111,19,3
GGOEAAAP081214,Android Men's Take Charge Short Sleeve Tee Purple,68,0.04411764705882353,8,3
GGOEGGOA017399,Maze Pen,324,0.009259259259259259,9,3
GGOEGAAX0651," Toddler Short Sleeve Tee Red",71,0.04225352112676056,18,3
GGOEGAAX0625,Android Infant Short Sleeve Tee Pewter,23,0.13043478260869565,16,3
GGOEGAAX0591," Men's Short Sleeve Performance Badge Tee Pewter",29,0.10344827586206896,15,3
GGOEGADB056915," Men's Performance Full Zip Jacket Black",70,0.04285714285714286,18,3
GGOEGAYB068024," Youth Baseball Raglan Heather/Black",21,0.14285714285714285,18,3
GGOEACCQ017299,Android Lunch Kit,163,0.018404907975460124,12,3
GGOEGAAX0602," Women's 1/4 Zip Performance Pullover Black",21,0.14285714285714285,12,3
GGOEGOCR078499," Spiral Leather Journal",449,0.0066815144766146995,9,3
GGOEGAWQ062250," Infant Short Sleeve Tee White",30,0.1,13,3
GGOEGAYB068056," Youth Baseball Raglan Heather/Black",2,1.5,13,3
GGOEGAAX0358," Men's  Zip Hoodie",235,0.01276595744680851,16,3
GGOEGALQ034215," Women's Vintage Hero Tee White",37,0.08108108108108109,19,3
GGOEGOAQ018099,Pen Pencil & Highlighter Set,1939,0.0015471892728210418,5,3
GGOEGAAX0568," Men's Watershed Full Zip Hoodie Grey",75,0.04,17,3
GGOEGBJC014399," Tote Bag",155,0.01935483870967742,6,3
GGOEGAAX0626,Android Infant Short Sleeve Tee Pink,21,0.09523809523809523,7,2
GGOEADWQ015699,Android Rise 14 oz Mug,342,0.005847953216374269,7,2
GGOEGEHQ071199," High Capacity 10,400mAh Charger",84,0.023809523809523808,17,2
GGOEAOCB077499,Android RFID Journal,86,0.023255813953488372,9,2
GGOEGAAX0352,Android Men's Vintage Henley,37,0.05405405405405406,15,2
GGOEAAEH035217,Android Men's Vintage Henley,10,0.2,19,2
GGOEYAAB031816," Men's Short Sleeve Hero Tee Black",20,0.1,19,2
GGOEGAEJ031313," Tri-blend Hoodie Grey",62,0.03225806451612903,16,2
GGOEGAAC035016," Men's Bayside Graphic Tee",3,0.6666666666666666,14,2
GGOEGAAX0283,Android Women's Short Sleeve Hero Tee Black,11,0.18181818181818182,7,2
GGOEYAFB073116," Men's Fleece Hoodie Black",22,0.09090909090909091,12,2
GGOEGATJ060516," Women's Quilted Insulated Vest White",5,0.4,5,2
GGOEGAAX0578," Women's Performance Full Zip Jacket Black",17,0.11764705882352941,13,2
GGOEGAAX0661," Toddler Short Sleeve Tee Red",17,0.11764705882352941,13,2
GGOEGAEC033113," Men's Long Sleeve Raglan Ocean Blue",36,0.05555555555555555,18,2
GGOEGAAX0655," Toddler Short Sleeve T-shirt Grey",123,0.016260162601626018,5,2
GGOEGAAX0280," Women's Short Sleeve Hero Tee Grey",52,0.038461538461538464,19,2
GGOEGOLC014299," Metallic Notebook Set",610,0.003278688524590164,5,2
GGOEGAAX0618," Infant Short Sleeve Tee Red",15,0.13333333333333333,18,2
GGOEAAEJ035713,Android Men's Vintage Tank,15,0.13333333333333333,10,2
GGOEGAEA030415," Womens 3/4 Sleeve Baseball Raglan Heather/Black",33,0.06060606060606061,15,2
GGOEGAPB057813,Women's Performance Full Zip Jacket Black,33,0.06060606060606061,14,2
GGOEGAAL010615," Men's 100% Cotton Short Sleeve Hero Tee Navy",66,0.030303030303030304,14,2
GGOEGAAX0351," Men's Vintage Henley",133,0.015037593984962405,9,2
GGOEGOAR013099," Stylus Pen w/ LED Light",2164,0.0009242144177449168,39,2
GGOEYAFB073115," Men's Fleece Hoodie Black",175,0.011428571428571429,17,2
GGOEGAAX0622," Infant Short Sleeve Tee White",55,0.03636363636363636,19,2
GGOEGAAJ032817," Men's Long & Lean Tee Charcoal",102,0.0196078431372549,17,2
GGOEGAAX0366," Women's Scoop Neck Tee White",81,0.024691358024691357,18,2
GGOEGAEQ027913," Women's Short Sleeve Hero Tee White",65,0.03076923076923077,7,2
GGOEGCBB074199," Car Clip Phone Holder",205,0.00975609756097561,5,2
GGOEGAAX0334,Android Men's Long Sleeve Badge Crew Tee Heather,87,0.022988505747126436,13,2
GGOEGAPB057816,Women's Performance Full Zip Jacket Black,11,0.18181818181818182,10,2
GGOEGAAX0731," Men's Fleece Hoodie Black",142,0.014084507042253521,17,2
GGOEGAAB010517," Men's 100% Cotton Short Sleeve Hero Tee Black",50,0.04,8,2
GGOEGALJ036414," Women's Tee Grey",23,0.08695652173913043,19,2
GGOEGAAJ032317," Men's Short Sleeve Hero Tee Charcoal",25,0.08,8,2
GGOEYAAJ032514," Men's Short Sleeve Hero Tee Charcoal",41,0.04878048780487805,12,2
GGOEAAAP081217,Android Men's Take Charge Short Sleeve Tee Purple,7,0.2857142857142857,15,2
GGOEGALQ036613," Women's Scoop Neck Tee White",59,0.03389830508474576,6,2
GGOEGADJ056815," Men's Watershed Full Zip Hoodie Grey",105,0.01904761904761905,17,2
GGOEGAAC035014," Men's Bayside Graphic Tee",9,0.2222222222222222,14,2
GGOEAAEJ030913,Android Women's Long Sleeve Blended Cardigan Grey,58,0.034482758620689655,12,2
GGOEAHPJ004213,Android Stretch Fit Hat S/M,53,0.03773584905660377,12,2
GGOEGAAJ080614," Men's Bike Short Sleeve Tee Charcoal",53,0.03773584905660377,16,2
GGOEADHH055999,22 oz Android Bottle,738,0.0027100271002710027,4,2
GGOEGAAX0610," Onesie Red/Graphite",63,0.015873015873015872,19,1
GGOEGAAR010716," Men's 100% Cotton Short Sleeve Hero Tee Red",90,0.011111111111111112,12,1
GGOEGAAX0338," Men's Vintage Badge Tee Black",677,0.0014771048744460858,8,1
GGOEAAEH035216,Android Men's Vintage Henley,2,0.5,16,1
GGOEGAAB010515," Men's 100% Cotton Short Sleeve Hero Tee Black",193,0.0051813471502590676,19,1
GGOEGAAX0289," Women's Short Sleeve Hero Dark Grey",50,0.02,5,1
GGOEGAEJ030814," Women's Long Sleeve Blended Cardigan Charcoal",37,0.02702702702702703,8,1
GGOEGAAX0308," Women's Long Sleeve Blended Cardigan Charcoal",37,0.02702702702702703,18,1
GGOEAHPB076113,Android Stretch Fit Hat,10,0.1,14,1
GGOEGAAJ080613," Men's Bike Short Sleeve Tee Charcoal",29,0.034482758620689655,16,1
GGOEGATB060615," Women's Convertible Vest-Jacket Black",25,0.04,8,1
GGOEGAEJ030815," Women's Long Sleeve Blended Cardigan Charcoal",25,0.04,13,1
GGOEWAEA083899," Dress Socks",20,0.05,6,1
GGOEGALL074615," Women's Short Sleeve Badge Tee Navy",25,0.04,9,1
GGOEGADB059614," Men's Quilted Insulated Vest Black",27,0.037037037037037035,8,1
GGOEGAEJ028114," Women's Short Sleeve Badge Tee Grey",21,0.047619047619047616,12,1
GGOEGAAX0290," Women's Short Sleeve Hero Tee Charcoal",54,0.018518518518518517,16,1
GGOEGAAX0569," Men's Performance Full Zip Jacket Black",54,0.018518518518518517,12,1
GGOEGAAX0320,Android Men's Short Sleeve Hero Tee White,38,0.02631578947368421,11,1
GGOEGAEJ029915," Women's V-Neck Tee Charcoal",3,0.3333333333333333,5,1
GGOEAAAB034914,Android BTTF Moonshot Graphic Tee,12,0.08333333333333333,5,1
GGOEGALJ036413," Women's Tee Grey",12,0.08333333333333333,16,1
GGOEGAXR065129," Toddler Short Sleeve Tee Red",12,0.08333333333333333,7,1
GGOEGAAX0326," Men's Short Sleeve Badge Tee Charcoal",12,0.08333333333333333,11,1
GGOEGAEJ031316," Tri-blend Hoodie Grey",11,0.09090909090909091,10,1
GGOEGATH060714," Women's Convertible Vest-Jacket Sea Foam Green",19,0.05263157894736842,6,1
GGOEAXXX0812,Android Men's Take Charge Short Sleeve Tee Purple,19,0.05263157894736842,15,1
GGOEGAEC033117," Men's Long Sleeve Raglan Ocean Blue",9,0.1111111111111111,18,1
GGOEGAAX0579," Women's Short Sleeve Performance Tee Charcoal",18,0.05555555555555555,11,1
GGOEAAWN062649,Android Infant Short Sleeve Tee Pink,18,0.05555555555555555,8,1
GGOEGAAX0107," Men's 100% Cotton Short Sleeve Hero Tee Red",72,0.013888888888888888,8,1
GGOEGETR014599," Tube Power Bank",72,0.013888888888888888,8,1
GGOEWCKQ085457," Pack of 9 Decal Set",39,0.02564102564102564,18,1
GGOEGAAX0606," Women's Convertible Vest-Jacket Black",48,0.020833333333333332,10,1
GGOEGAEJ028113," Women's Short Sleeve Badge Tee Grey",26,0.038461538461538464,15,1
GGOEGAAX0761,Android Stretch Fit Hat Black,52,0.019230769230769232,19,1
GGOEGALQ036614," Women's Scoop Neck Tee White",52,0.019230769230769232,19,1
GGOEGAEJ028016," Women's Short Sleeve Hero Tee Grey",51,0.0196078431372549,6,1
GGOEGALL074613," Women's Short Sleeve Badge Tee Navy",33,0.030303030303030304,8,1
GGOEGAEB027813," Women's Short Sleeve Hero Tee Black",252,0.003968253968253968,11,1
GGOEGAYR068225," Youth Short Sleeve Tee Red",1,1,9,1
GGOEAAEB028314,Android Women's Short Sleeve Hero Tee Black,1,1,11,1
GGOEGAAX0733," Women's Short Sleeve Hero Tee Heather",1,1,7,1
GGOEGAAX0281," Women's Short Sleeve Badge Tee Grey",8,0.125,8,1
GGOEGAEJ029913," Women's V-Neck Tee Charcoal",8,0.125,12,1
GGOEAHPB076114,Android Stretch Fit Hat,8,0.125,5,1
GGOEGAWR061850," Infant Short Sleeve Tee Red",4,0.25,13,1
GGOEGAAX0596," Men's Quilted Insulated Vest Black",32,0.03125,8,1
GGOEAAWN062648,Android Infant Short Sleeve Tee Pink,32,0.03125,17,1
GGOEGAAJ032714," Men's Long & Lean Tee Grey",81,0.012345679012345678,14,1
GGOEGHPB003410," Snapback Hat Black",105,0.009523809523809525,3,1
GGOEAHPJ004314,Android Stretch Fit Hat M/L,59,0.01694915254237288,13,1
GGOEGATH060717," Women's Convertible Vest-Jacket Sea Foam Green",1,1,12,1
GGOEGAAX0297," Women's Short Sleeve Hero Tee Red Heather",16,0.0625,6,1
GGOEGAYQ069056," Youth Short Sleeve Tee White",14,0.07142857142857142,6,1
GGOEGAAB033814," Men's Vintage Badge Tee Black",395,0.002531645569620253,14,1
GGOEGAEJ028115," Women's Short Sleeve Badge Tee Grey",13,0.07692307692307693,8,1
GGOEYAAB031813," Men's Short Sleeve Hero Tee Black",27,0.037037037037037035,6,1
GGOEGAAJ059113," Men's Short Sleeve Performance Badge Tee Pewter",25,0.04,16,1
GGOEGAWQ062248," Infant Short Sleeve Tee White",7,0.14285714285714285,8,1
GGOEGALB034116," Women's Vintage Hero Tee Black",121,0.008264462809917356,9,1
GGOEGBPB081999,UpCycled Bike Saddle Bag,79,0.012658227848101266,12,1
GGOEGAAJ059114," Men's Short Sleeve Performance Badge Tee Pewter",107,0.009345794392523364,7,1
GGOEAAEH035214,Android Men's Vintage Henley,43,0.023255813953488372,15,1
GGOEGGCX056199,Gift Card- $100.00,77,0.012987012987012988,10,1
GGOEGAAX0309,Android Women's Long Sleeve Blended Cardigan Grey,28,0.03571428571428571,18,1
GGOEYAAB031814," Men's Short Sleeve Hero Tee Black",40,0.025,14,1
9184737," Pack of 9 Decal Set",0,null,14,0
9180833,Rubber Grip Ballpoint Pen 4 Pack,0,null,5,0
9181137," Alpine Style Backpack",0,null,14,0
9180824,Foam Can and Bottle Cooler,0,null,16,0
9182726," Men's Long & Lean Tee Charcoal",0,null,18,0
9183223," Spiral Leather Journal",0,null,18,0
9183221," Leather Journal-Black",0,null,15,0
9182765," Women's Convertible Vest-Jacket Sea Foam Green",0,null,10,0
9180862," Screen Cleaning Cloth",0,null,15,0
9180808,Basecamp Explorer Powerbank Flashlight,0,null,5,0
9184676,UpCycled Handlebar Bag,0,null,7,0
GGOEGAAX0598," Men's Convertible Vest-Jacket Pewter",0,null,17,0
GGOEWXXX0827," Women's Short Sleeve Tee",0,null,14,0
GGOEGAAX0349,Android BTTF Moonshot Graphic Tee,0,null,15,0
9182383," Men's Watershed Full Zip Hoodie Grey",0,null,7,0
9182752," Men's Short Sleeve Performance Badge Tee Charcoal",0,null,19,0
9183228," Cam Indoor Security Camera - USA",0,null,10,0
9183226,Android Luggage Tag,0,null,7,0
9182559,Android Men's Vintage Henley,0,null,12,0
9180782,Seat Pack Organizer,0,null,7,0
9181150,Gift Card - $250.00,0,null,12,0
9183186," G Noise-reducing Bluetooth Headphones",0,null,11,0
9182742," Men's Convertible Vest-Jacket Pewter",0,null,17,0
9180905," Men's Long Sleeve Raglan Ocean Blue",0,null,13,0
9184734," Learning Thermostat 3rd Gen-USA - Copper",0,null,19,0
9182785," Women's Lightweight Microfleece Jacket",0,null,8,0
9182502," Women's Yoga Jacket Black",0,null,10,0
9182737," Women's 3/4 Sleeve Baseball Raglan Heather/Black",0,null,17,0
9182751," Men's Performance Full Zip Jacket Black",0,null,14,0
9182771," Women's 1/4 Zip Jacket Charcoal",0,null,6,0
9182743," Men's Microfiber 1/4 Zip Pullover Blue/Indigo",0,null,7,0
9182569," Men's  Zip Hoodie",0,null,10,0
9182739," Men's Watershed Full Zip Hoodie Grey",0,null,14,0
9181019," Tri-blend Hoodie Grey",0,null,19,0
9181573," Snapback Hat Black",0,null,12,0
9180757,Yoga Block,0,null,13,0
9182980," Pet Feeding Mat",0,null,8,0
9182780," Women's Shell Jacket Blue/Black",0,null,16,0
9182778," Women's Softshell Jacket Black/Grey",0,null,13,0
9183234," Learning Thermostat 3rd Gen-USA - Stainless Steel",0,null,8,0
9183203," Device Holder Sticky Pad",0,null,8,0
9183118," Women's Fleece Hoodie Black",0,null,6,0
9182772," Women's Performance Full Zip Jacket Black",0,null,14,0
9180850,Ballpoint Stylus Pen,0,null,6,0
9182723," Men's 100% Cotton Short Sleeve Hero Tee White",0,null,11,0
9184720," Women's Short Sleeve Hero Tee Sky Blue",0,null,16,0
9182755," Men's Colorblock Tee White/Heather",0,null,14,0
GGOEGAAX0567," Men's Softshell Jacket Black/Grey",1,0,12,0
GGOEWXXX0835," Men's Typography Short Sleeve Tee",1,0,11,0
GGOEGAAX0732," Women's Fleece Hoodie Black",5,0,17,0
GGOEGAAX0356," Men's Vintage Tank",119,0,15,0
GGOEGAAX0607," Women's Convertible Vest-Jacket Sea Foam Green",25,0,8,0
GGOENEBQ081799," Protect Smoke + CO White Wired Alarm - CA",49,0,15,0
GGOEGAAX0575," Women's Weatherblock Shell Jacket Black",1,0,13,0
GGOEGCBB074399," Device Holder Sticky Pad",94,0,8,0
GGOEGAAX0588," Women's Shell Jacket Blue/Black",5,0,7,0
GGOEGCVB072399," Executive Umbrella",458,0,5,0
GGOEGHPL003214," Stretch Fit Hat M/L Navy",6,0,6,0
GGOEAHPB080210,Android 5-Panel Low Cap,11,0,16,0
GGOEGAAX0580," Women's 1/4 Zip Jacket Charcoal",7,0,18,0
GGOEGAAX0605," Women's Quilted Insulated Vest White",16,0,9,0
GGOEGBCR024399," Lunch Bag",290,0,11,0
GGOEAHPJ074410,Android Twill Cap,161,0,5,0
GGOEGOAJ021599,Gunmetal Roller Ball Pen,1321,0,36,0
GGOEGGCX056399,Gift Card - $250.00,38,0,10,0
GGOEGAAX0231," Collapsible Pet Bowl",59,0,15,0
GGOEGAAX0604," Women's Quilted Insulated Vest Black",10,0,11,0
GGOEGESB015199," Flashlight",13,0,6,0
GGOEGAAX0328," Men's Long & Lean Tee Charcoal",11,0,14,0
GGOEWFKA083099," Mood Happy Window Decal",26,0,6,0
GGOEGDHR082199," 25 oz Red Stainless Steel Bottle",341,0,30,0
GGOEGAAX0572," Men's Colorblock Tee White/Heather",1,0,8,0
GGOEGAAX0603," Women's 1/4 Zip Performance Pullover Two-Tone Blue",15,0,19,0
GGOEGACB023699,Yoga Block,78,0,14,0
GGOEGEHQ072499," 2200mAh Micro Charger",38,0,11,0
GGOEGGCX056499,Gift Card - $50.00,9,0,14,0
GGOEGAAX0355," Men's Vintage Tank",31,0,17,0
GGOENEBQ081599," Cam Outdoor Security Camera - CA",40,0,18,0
GGOEGAAX0340," Men's Vintage Badge Tee Sage",442,0,9,0
GGOEGAAX0348,Android BTTF Cosmos Graphic Tee,4,0,15,0
GGOEGAAX0331," Men's Long Sleeve Raglan Ocean Blue",10,0,17,0
GGOEGAAX0570," Men's Short Sleeve Performance Badge Tee Charcoal",57,0,14,0
GGOEGAAX0350," Men's Bayside Graphic Tee",33,0,8,0
GGOEGAAX0593," Men's Airflow 1/4 Zip Pullover Lapis",23,0,8,0
GGOEGAAX0582," Women's Lightweight Microfleece Jacket",3,0,19,0
GGOEGAAX0323," Men's Short Sleeve Hero Tee Charcoal",20,0,19,0
GGOEGAAX0304," Women's 3/4 Sleeve Baseball Raglan Heather/Black",26,0,9,0
GGOEGAAX0590," Men's Short Sleeve Performance Badge Tee Navy",21,0,9,0
GGOEWFKA083299," Mood Ninja Window Decal",94,0,6,0
GGOEAOBH078799,Android Luggage Tag,32,0,15,0
GGOEGAAX0686," Youth Short Sleeve Tee Red",40,0,6,0
GGOEGAAX0168," Pet Feeding Mat",83,0,18,0
GGOEGAAX0282,Android Women's Short Sleeve Badge Tee Dark Heather,19,0,15,0
GGOEGAAX0353," Vintage Henley Grey/Black",95,0,10,0
GGOENEBQ081699," Protect Smoke + CO White Battery Alarm - CA",25,0,9,0
GGOEWXXX0828," Men's Short Sleeve Tee",1,0,14,0
GGOEAHPA004110,Android Wool Heather Cap Heather/Black,305,0,9,0
GGOEGAAX0306," Women's Recycled Fabric Tee",16,0,10,0
GGOEGHPJ080110," 5-Panel Cap",87,0,5,0
GGOEGBMC056599,Waterproof Gear Bag,261,0,15,0
GGOEAXXX0810,Android Men's Outerstellar Short Sleeve Tee Black,3,0,6,0
GGOEGAAX0595," Men's Microfiber 1/4 Zip Pullover Blue/Indigo",9,0,7,0
GGOEGBPB082099,UpCycled Handlebar Bag,107,0,12,0
GGOEGAAX0327," Men's Long & Lean Tee Grey",5,0,6,0
GGOEGOAR013599,Ballpoint Stylus Pen,942,0,5,0
GGOEGAAX0361,Android Women's Fleece Hoodie,21,0,13,0
GGOEGAAX0329,Android Men's Long & Lean Badge Tee Charcoal,65,0,18,0
GGOEGOAA017199,Rubber Grip Ballpoint Pen 4 Pack,1791,0,3,0
GGOEGAAX0746," Women's Short Sleeve Badge Tee Navy",8,0,17,0
GGOEGAAX0592," Men's Airflow 1/4 Zip Pullover Black",8,0,9,0
GGOEGAAX0324,Android Men's Short Sleeve Tri-blend Hero Tee Grey,3,0,16,0
GGOEGAAX0042,Android Stretch Fit Hat,41,0,16,0
GGOEGBFC018799,Electronics Accessory Pouch,568,0,29,0
GGOEGEHQ072599," 4400mAh Power Bank",65,0,7,0
GGOEGAAX0683," Youth Short Sleeve T-shirt Royal Blue",5,0,17,0
GGOEGAAX0339," Men's Vintage Badge Tee White",210,0,9,0
GGOEGAAX0296," Women's Short Sleeve Tri-blend Badge Tee Grey",33,0,15,0
GGOEGAAX0365," Women's Scoop Neck Tee Black",73,0,6,0
GGOEGEVB070599," G Noise-reducing Bluetooth Headphones",132,0,7,0
9183219," Leather Journal",0,null,9,0
9180769," Laptop Backpack",0,null,7,0
9183222," Leather Perforated Journal",0,null,7,0
9182745," Men's Quilted Insulated Vest Black",0,null,9,0
9183239,25L Classic Rucksack,0,null,19,0
9183229," Cam Outdoor Security Camera - USA",0,null,18,0
9183241,25L Classic Rucksack,0,null,16,0
9184733," Learning Thermostat 3rd Gen-USA - White",0,null,11,0
9184675,UpCycled Bike Saddle Bag,0,null,8,0
9180766,Sport Bag,0,null,8,0
9180793,26 oz Double Wall Insulated Bottle,0,null,8,0
9182714," Men's Long Sleeve Raglan Ocean Blue",0,null,18,0
9182784," Women's Short Sleeve Hero Tee White",0,null,12,0
9182721," Men's 100% Cotton Short Sleeve Hero Tee Black",0,null,5,0
9182781," Women's Short Sleeve Hero Tee Black",0,null,9,0
9183230," Protect Smoke + CO White Battery Alarm-USA",0,null,7,0
9183240,25L Classic Rucksack,0,null,5,0
9181139,Waterproof Backpack,0,null,18,0
9182605," Women's Tee Grey",0,null,13,0
9184620," Men's Performance Full Zip Jacket Black",0,null,9,0
9180809," Flashlight",0,null,14,0
9180814,Micro Wireless Earbud,0,null,5,0
9182722," Men's 100% Cotton Short Sleeve Hero Tee Navy",0,null,7,0
9183213,Android Hard Cover Journal,0,null,18,0
GGOEWXXX0834," Women's Typography Short Sleeve Tee",0,null,18,0
9182173," Stylus Pen w/ LED Light",0,null,11,0
9180781,Suitcase Organizer Cubes,0,null,7,0
GGOEGDHB072099," Insulated Stainless Steel Bottle",0,null,16,0
9180748,Android Lunch Kit,0,null,12,0
9182709,Android Women's Long Sleeve Blended Cardigan Grey,0,null,6,0
GGOEGAAX0581," Women's Colorblock Tee White",0,null,8,0